Black Rural South ,0.2354431 
Nonsouth Rural ,0.3108284 
South Metro ,0.3914304 
South ,0.3667274 
All ,0.3921351 
